user_id,name,age,location,profession,experience_years,professional_summary,about_me,mbti,interests,professional_summary_words,about_me_words,profile_text,cleaned_profile_text
U001,Kavya Patel,35,Hyderabad,Digital Marketing Specialist,14,"Digital Marketing Specialist interested in building practical solutions in SaaS. Experienced with content strategy and analytics, and currently aiming toward combining creativity with analytics.","My personality is generally reliable and structured. I prefer structured environments with clear goals and believe in honest communication. Outside work, I enjoy volunteering, entrepreneurship, and discovering new ideas.",ISTJ,"volunteering, entrepreneurship, innovation",24,29,"Digital Marketing Specialist interested in building practical solutions in SaaS. Experienced with content strategy and analytics, and currently aiming toward combining creativity with analytics. My personality is generally reliable and structured. I prefer structured environments with clear goals and believe in honest communication. Outside work, I enjoy volunteering, entrepreneurship, and discovering new ideas. volunteering, entrepreneurship, innovation",digital marketing specialist interested building practical solution saas experienced content strategy analytics currently aiming toward combining creativity analytics personality generally reliable structured prefer structured environment clear goal believe honest communication outside work enjoy volunteering entrepreneurship discovering new idea volunteering entrepreneurship innovation
U002,Sneha Chowdhury,21,Kochi,Business Analyst,0,"Business Analyst focused on developing strategic analytical skills. Skilled in business analysis and SQL, with an interest in the consulting industry.","My personality is generally analytical and independent. I prefer creative environments where ideas can be discussed openly and believe in meaningful work. Outside work, I enjoy reading, finance, and discovering new ideas.",INTJ,"reading, finance, travel",21,32,"Business Analyst focused on developing strategic analytical skills. Skilled in business analysis and SQL, with an interest in the consulting industry. My personality is generally analytical and independent. I prefer creative environments where ideas can be discussed openly and believe in meaningful work. Outside work, I enjoy reading, finance, and discovering new ideas. reading, finance, travel",business analyst focused developing strategic analytical skill skilled business analysis sql interest consulting industry personality generally analytical independent prefer creative environment idea discussed openly believe meaningful work outside work enjoy reading finance discovering new idea reading finance travel
U003,Rahul Patel,36,Jaipur,Data Analyst,8,"Data Analyst interested in building practical solutions in retail. Experienced with Excel and Python, and currently aiming toward improving analytical decision-making.","I am independent and creative, and I enjoy working in independent work with room for experimentation. I value innovation and spend my free time exploring fitness and meditation.",ISFP,"fitness, meditation, innovation",21,28,"Data Analyst interested in building practical solutions in retail. Experienced with Excel and Python, and currently aiming toward improving analytical decision-making. I am independent and creative, and I enjoy working in independent work with room for experimentation. I value innovation and spend my free time exploring fitness and meditation. fitness, meditation, innovation",data analyst interested building practical solution retail experienced excel python currently aiming toward improving analytical decisionmaking independent creative enjoy working independent work room experimentation value innovation spend free time exploring fitness meditation fitness meditation innovation
U004,Ananya Sharma,39,Jaipur,Machine Learning Engineer,7,"Machine Learning Engineer interested in building practical solutions in healthcare technology. Experienced with Python and model deployment, and currently aiming toward building production-ready machine learning systems.","My personality is generally strategic and curious. I prefer creative environments where ideas can be discussed openly and believe in innovation. Outside work, I enjoy technology, machine learning, and discovering new ideas.",INTJ,"technology, machine learning, photography",26,32,"Machine Learning Engineer interested in building practical solutions in healthcare technology. Experienced with Python and model deployment, and currently aiming toward building production-ready machine learning systems. My personality is generally strategic and curious. I prefer creative environments where ideas can be discussed openly and believe in innovation. Outside work, I enjoy technology, machine learning, and discovering new ideas. technology, machine learning, photography",machine learning engineer interested building practical solution healthcare technology experienced python model deployment currently aiming toward building productionready machine learning system personality generally strategic curious prefer creative environment idea discussed openly believe innovation outside work enjoy technology machine learning discovering new idea technology machine learning photography
U005,Rahul Joshi,39,Kochi,UI/UX Designer,7,"Working as a UI/UX Designer with experience in UI design and Figma. My career goal is designing accessible and user-friendly products, particularly within creative technology.","I am adaptable and social, and I enjoy working in collaborative team environments. I value meaningful work and spend my free time exploring coding and fitness.",ESFP,"coding, fitness, reading",25,26,"Working as a UI/UX Designer with experience in UI design and Figma. My career goal is designing accessible and user-friendly products, particularly within creative technology. I am adaptable and social, and I enjoy working in collaborative team environments. I value meaningful work and spend my free time exploring coding and fitness. coding, fitness, reading",working uiux designer experience ui design figma career goal designing accessible userfriendly product particularly within creative technology adaptable social enjoy working collaborative team environment value meaningful work spend free time exploring coding fitness coding fitness reading
U006,Ishita Joshi,31,Bengaluru,Machine Learning Engineer,3,"Machine Learning Engineer focused on developing intelligent applications. Skilled in model deployment and Python, with an interest in the healthcare technology industry.","I am empathetic and collaborative, and I enjoy working in problem-solving environments involving different perspectives. I value meaningful work and spend my free time exploring meditation and public speaking.",ENFJ,"meditation, public speaking, research",22,29,"Machine Learning Engineer focused on developing intelligent applications. Skilled in model deployment and Python, with an interest in the healthcare technology industry. I am empathetic and collaborative, and I enjoy working in problem-solving environments involving different perspectives. I value meaningful work and spend my free time exploring meditation and public speaking. meditation, public speaking, research",machine learning engineer focused developing intelligent application skilled model deployment python interest healthcare technology industry empathetic collaborative enjoy working problemsolving environment involving different perspective value meaningful work spend free time exploring meditation public speaking meditation public speaking research
U007,Aisha Das,21,Bengaluru,Project Manager,0,"Working as a Project Manager with experience in leadership and planning. My career goal is leading successful technology projects, particularly within technology.","I enjoy learning, solving problems, and working in structured environments with clear goals. I value helping others and have a strong interest in coding and writing. I also enjoy exchanging ideas with people from different backgrounds.",INFP,"coding, writing, sports",22,36,"Working as a Project Manager with experience in leadership and planning. My career goal is leading successful technology projects, particularly within technology. I enjoy learning, solving problems, and working in structured environments with clear goals. I value helping others and have a strong interest in coding and writing. I also enjoy exchanging ideas with people from different backgrounds. coding, writing, sports",working project manager experience leadership planning career goal leading successful technology project particularly within technology enjoy learning solving problem working structured environment clear goal value helping others strong interest coding writing also enjoy exchanging idea people different background coding writing sport
U008,Kavya Joshi,38,Ahmedabad,Data Analyst,6,"Data Analyst focused on turning data into useful business insights. Skilled in SQL and Excel, with an interest in the retail industry.","I am empathetic and organized, and I enjoy working in problem-solving environments involving different perspectives. I value honest communication and spend my free time exploring fitness and machine learning.",ISFJ,"fitness, machine learning, meditation",22,29,"Data Analyst focused on turning data into useful business insights. Skilled in SQL and Excel, with an interest in the retail industry. I am empathetic and organized, and I enjoy working in problem-solving environments involving different perspectives. I value honest communication and spend my free time exploring fitness and machine learning. fitness, machine learning, meditation",data analyst focused turning data useful business insight skilled sql excel interest retail industry empathetic organized enjoy working problemsolving environment involving different perspective value honest communication spend free time exploring fitness machine learning fitness machine learning meditation
U009,Sneha Reddy,26,Bengaluru,Cloud Engineer,0,"Cloud Engineer interested in building practical solutions in SaaS. Experienced with AWS and Linux, and currently aiming toward improving reliable technology operations.","I am curious and enthusiastic, and I enjoy working in independent work with room for experimentation. I value knowledge sharing and spend my free time exploring startups and reading.",ENFP,"startups, reading, photography",22,29,"Cloud Engineer interested in building practical solutions in SaaS. Experienced with AWS and Linux, and currently aiming toward improving reliable technology operations. I am curious and enthusiastic, and I enjoy working in independent work with room for experimentation. I value knowledge sharing and spend my free time exploring startups and reading. startups, reading, photography",cloud engineer interested building practical solution saas experienced aws linux currently aiming toward improving reliable technology operation curious enthusiastic enjoy working independent work room experimentation value knowledge sharing spend free time exploring startup reading startup reading photography
U010,Siddharth Nair,25,Pune,UI/UX Designer,2,"Working as a UI/UX Designer with experience in UI design and Figma. My career goal is growing as a product designer, particularly within EdTech.","I enjoy learning, solving problems, and working in collaborative team environments. I value innovation and have a strong interest in artificial intelligence and public speaking. I also enjoy exchanging ideas with people from different backgrounds.",ENTJ,"artificial intelligence, public speaking, reading",24,35,"Working as a UI/UX Designer with experience in UI design and Figma. My career goal is growing as a product designer, particularly within EdTech. I enjoy learning, solving problems, and working in collaborative team environments. I value innovation and have a strong interest in artificial intelligence and public speaking. I also enjoy exchanging ideas with people from different backgrounds. artificial intelligence, public speaking, reading",working uiux designer experience ui design figma career goal growing product designer particularly within edtech enjoy learning solving problem working collaborative team environment value innovation strong interest artificial intelligence public speaking also enjoy exchanging idea people different background artificial intelligence public speaking reading
U011,Varun Patel,35,Jaipur,Digital Marketing Specialist,4,"Digital Marketing Specialist interested in building practical solutions in E-commerce. Experienced with SEO and social media, and currently aiming toward building data-driven marketing strategies.","My personality is generally strategic and curious. I prefer structured environments with clear goals and believe in innovation. Outside work, I enjoy meditation, travel, and discovering new ideas.",INTJ,"meditation, travel, reading",24,28,"Digital Marketing Specialist interested in building practical solutions in E-commerce. Experienced with SEO and social media, and currently aiming toward building data-driven marketing strategies. My personality is generally strategic and curious. I prefer structured environments with clear goals and believe in innovation. Outside work, I enjoy meditation, travel, and discovering new ideas. meditation, travel, reading",digital marketing specialist interested building practical solution ecommerce experienced seo social medium currently aiming toward building datadriven marketing strategy personality generally strategic curious prefer structured environment clear goal believe innovation outside work enjoy meditation travel discovering new idea meditation travel reading
U012,Ananya Rao,29,Jaipur,UI/UX Designer,4,"UI/UX Designer interested in building practical solutions in E-commerce. Experienced with UI design and prototyping, and currently aiming toward creating intuitive digital experiences.","My personality is generally innovative and analytical. I prefer creative environments where ideas can be discussed openly and believe in personal growth. Outside work, I enjoy technology, coding, and discovering new ideas.",INTP,"technology, coding, music",23,32,"UI/UX Designer interested in building practical solutions in E-commerce. Experienced with UI design and prototyping, and currently aiming toward creating intuitive digital experiences. My personality is generally innovative and analytical. I prefer creative environments where ideas can be discussed openly and believe in personal growth. Outside work, I enjoy technology, coding, and discovering new ideas. technology, coding, music",uiux designer interested building practical solution ecommerce experienced ui design prototyping currently aiming toward creating intuitive digital experience personality generally innovative analytical prefer creative environment idea discussed openly believe personal growth outside work enjoy technology coding discovering new idea technology coding music
U013,Aarav Reddy,23,Chennai,Cybersecurity Analyst,0,"Working as a Cybersecurity Analyst with experience in security monitoring and network security. My career goal is developing expertise in cybersecurity, particularly within cybersecurity.","My personality is generally supportive and social. I prefer independent work with room for experimentation and believe in innovation. Outside work, I enjoy sports, meditation, and discovering new ideas.",ESFJ,"sports, meditation, research",24,29,"Working as a Cybersecurity Analyst with experience in security monitoring and network security. My career goal is developing expertise in cybersecurity, particularly within cybersecurity. My personality is generally supportive and social. I prefer independent work with room for experimentation and believe in innovation. Outside work, I enjoy sports, meditation, and discovering new ideas. sports, meditation, research",working cybersecurity analyst experience security monitoring network security career goal developing expertise cybersecurity particularly within cybersecurity personality generally supportive social prefer independent work room experimentation believe innovation outside work enjoy sport meditation discovering new idea sport meditation research
U014,Rohan Iyer,38,Kolkata,Cloud Engineer,4,"Cloud Engineer interested in building practical solutions in FinTech. Experienced with AWS and DevOps, and currently aiming toward improving reliable technology operations.","I enjoy learning, solving problems, and working in independent work with room for experimentation. I value meaningful work and have a strong interest in entrepreneurship and innovation. I also enjoy exchanging ideas with people from different backgrounds.",ENFP,"entrepreneurship, innovation, coding",22,37,"Cloud Engineer interested in building practical solutions in FinTech. Experienced with AWS and DevOps, and currently aiming toward improving reliable technology operations. I enjoy learning, solving problems, and working in independent work with room for experimentation. I value meaningful work and have a strong interest in entrepreneurship and innovation. I also enjoy exchanging ideas with people from different backgrounds. entrepreneurship, innovation, coding",cloud engineer interested building practical solution fintech experienced aws devops currently aiming toward improving reliable technology operation enjoy learning solving problem working independent work room experimentation value meaningful work strong interest entrepreneurship innovation also enjoy exchanging idea people different background entrepreneurship innovation coding
U015,Aditya Das,36,Mumbai,Machine Learning Engineer,14,"Working as a Machine Learning Engineer with experience in Python and Scikit-learn. My career goal is developing intelligent applications, particularly within SaaS.","My personality is generally organized and supportive. I prefer structured environments with clear goals and believe in knowledge sharing. Outside work, I enjoy travel, photography, and discovering new ideas.",ESFJ,"travel, photography, sports",22,29,"Working as a Machine Learning Engineer with experience in Python and Scikit-learn. My career goal is developing intelligent applications, particularly within SaaS. My personality is generally organized and supportive. I prefer structured environments with clear goals and believe in knowledge sharing. Outside work, I enjoy travel, photography, and discovering new ideas. travel, photography, sports",working machine learning engineer experience python scikitlearn career goal developing intelligent application particularly within saas personality generally organized supportive prefer structured environment clear goal believe knowledge sharing outside work enjoy travel photography discovering new idea travel photography sport
U016,Sneha Nair,38,Delhi,Software Engineer,3,"Software Engineer interested in building practical solutions in E-commerce. Experienced with Python and software development, and currently aiming toward developing reliable technology solutions.","I enjoy learning, solving problems, and working in problem-solving environments involving different perspectives. I value meaningful work and have a strong interest in entrepreneurship and sports. I also enjoy exchanging ideas with people from different backgrounds.",ISTJ,"entrepreneurship, sports, music",23,36,"Software Engineer interested in building practical solutions in E-commerce. Experienced with Python and software development, and currently aiming toward developing reliable technology solutions. I enjoy learning, solving problems, and working in problem-solving environments involving different perspectives. I value meaningful work and have a strong interest in entrepreneurship and sports. I also enjoy exchanging ideas with people from different backgrounds. entrepreneurship, sports, music",software engineer interested building practical solution ecommerce experienced python software development currently aiming toward developing reliable technology solution enjoy learning solving problem working problemsolving environment involving different perspective value meaningful work strong interest entrepreneurship sport also enjoy exchanging idea people different background entrepreneurship sport music
U017,Neha Rao,29,Hyderabad,Digital Marketing Specialist,6,"Working as a Digital Marketing Specialist with experience in analytics and SEO. My career goal is combining creativity with analytics, particularly within E-commerce.","My personality is generally independent and curious. I prefer collaborative team environments and believe in reliability. Outside work, I enjoy volunteering, meditation, and discovering new ideas.",INTJ,"volunteering, meditation, fitness",23,26,"Working as a Digital Marketing Specialist with experience in analytics and SEO. My career goal is combining creativity with analytics, particularly within E-commerce. My personality is generally independent and curious. I prefer collaborative team environments and believe in reliability. Outside work, I enjoy volunteering, meditation, and discovering new ideas. volunteering, meditation, fitness",working digital marketing specialist experience analytics seo career goal combining creativity analytics particularly within ecommerce personality generally independent curious prefer collaborative team environment believe reliability outside work enjoy volunteering meditation discovering new idea volunteering meditation fitness
U018,Varun Kumar,34,Delhi,Product Manager,11,"Product Manager interested in building practical solutions in E-commerce. Experienced with leadership and market research, and currently aiming toward developing strong product leadership skills.","I enjoy learning, solving problems, and working in problem-solving environments involving different perspectives. I value reliability and have a strong interest in meditation and research. I also enjoy exchanging ideas with people from different backgrounds.",ISFJ,"meditation, research, fitness",24,35,"Product Manager interested in building practical solutions in E-commerce. Experienced with leadership and market research, and currently aiming toward developing strong product leadership skills. I enjoy learning, solving problems, and working in problem-solving environments involving different perspectives. I value reliability and have a strong interest in meditation and research. I also enjoy exchanging ideas with people from different backgrounds. meditation, research, fitness",product manager interested building practical solution ecommerce experienced leadership market research currently aiming toward developing strong product leadership skill enjoy learning solving problem working problemsolving environment involving different perspective value reliability strong interest meditation research also enjoy exchanging idea people different background meditation research fitness
U019,Aarav Verma,30,Mumbai,Product Manager,9,"Product Manager focused on developing strong product leadership skills. Skilled in communication and market research, with an interest in the E-commerce industry.","I am organized and decisive, and I enjoy working in problem-solving environments involving different perspectives. I value knowledge sharing and spend my free time exploring public speaking and innovation.",ESTJ,"public speaking, innovation, sports",22,29,"Product Manager focused on developing strong product leadership skills. Skilled in communication and market research, with an interest in the E-commerce industry. I am organized and decisive, and I enjoy working in problem-solving environments involving different perspectives. I value knowledge sharing and spend my free time exploring public speaking and innovation. public speaking, innovation, sports",product manager focused developing strong product leadership skill skilled communication market research interest ecommerce industry organized decisive enjoy working problemsolving environment involving different perspective value knowledge sharing spend free time exploring public speaking innovation public speaking innovation sport
U020,Nikhil Kumar,30,Mumbai,Financial Analyst,3,"Working as a Financial Analyst with experience in forecasting and data analysis. My career goal is developing expertise in financial analytics, particularly within banking.","I enjoy learning, solving problems, and working in creative environments where ideas can be discussed openly. I value helping others and have a strong interest in artificial intelligence and machine learning. I also enjoy exchanging ideas with people from different backgrounds.",INFJ,"artificial intelligence, machine learning, photography",24,41,"Working as a Financial Analyst with experience in forecasting and data analysis. My career goal is developing expertise in financial analytics, particularly within banking. I enjoy learning, solving problems, and working in creative environments where ideas can be discussed openly. I value helping others and have a strong interest in artificial intelligence and machine learning. I also enjoy exchanging ideas with people from different backgrounds. artificial intelligence, machine learning, photography",working financial analyst experience forecasting data analysis career goal developing expertise financial analytics particularly within banking enjoy learning solving problem working creative environment idea discussed openly value helping others strong interest artificial intelligence machine learning also enjoy exchanging idea people different background artificial intelligence machine learning photography
U021,Nikhil Patel,21,Bengaluru,Financial Analyst,0,"Working as a Financial Analyst with experience in financial analysis and data analysis. My career goal is improving financial decision-making, particularly within FinTech.","I enjoy learning, solving problems, and working in problem-solving environments involving different perspectives. I value knowledge sharing and have a strong interest in entrepreneurship and volunteering. I also enjoy exchanging ideas with people from different backgrounds.",ENFP,"entrepreneurship, volunteering, public speaking",23,36,"Working as a Financial Analyst with experience in financial analysis and data analysis. My career goal is improving financial decision-making, particularly within FinTech. I enjoy learning, solving problems, and working in problem-solving environments involving different perspectives. I value knowledge sharing and have a strong interest in entrepreneurship and volunteering. I also enjoy exchanging ideas with people from different backgrounds. entrepreneurship, volunteering, public speaking",working financial analyst experience financial analysis data analysis career goal improving financial decisionmaking particularly within fintech enjoy learning solving problem working problemsolving environment involving different perspective value knowledge sharing strong interest entrepreneurship volunteering also enjoy exchanging idea people different background entrepreneurship volunteering public speaking
U022,Anika Das,37,Kolkata,Entrepreneur,14,"Working as a Entrepreneur with experience in leadership and market research. My career goal is developing sustainable entrepreneurial ventures, particularly within FinTech.","My personality is generally empathetic and open-minded. I prefer creative environments where ideas can be discussed openly and believe in meaningful work. Outside work, I enjoy writing, public speaking, and discovering new ideas.",INFP,"writing, public speaking, music",22,33,"Working as a Entrepreneur with experience in leadership and market research. My career goal is developing sustainable entrepreneurial ventures, particularly within FinTech. My personality is generally empathetic and open-minded. I prefer creative environments where ideas can be discussed openly and believe in meaningful work. Outside work, I enjoy writing, public speaking, and discovering new ideas. writing, public speaking, music",working entrepreneur experience leadership market research career goal developing sustainable entrepreneurial venture particularly within fintech personality generally empathetic openminded prefer creative environment idea discussed openly believe meaningful work outside work enjoy writing public speaking discovering new idea writing public speaking music
U023,Varun Rao,29,Delhi,Business Analyst,8,"Business Analyst focused on developing strategic analytical skills. Skilled in problem solving and communication, with an interest in the consulting industry.","My personality is generally ambitious and strategic. I prefer creative environments where ideas can be discussed openly and believe in knowledge sharing. Outside work, I enjoy research, innovation, and discovering new ideas.",ENTJ,"research, innovation, photography",21,32,"Business Analyst focused on developing strategic analytical skills. Skilled in problem solving and communication, with an interest in the consulting industry. My personality is generally ambitious and strategic. I prefer creative environments where ideas can be discussed openly and believe in knowledge sharing. Outside work, I enjoy research, innovation, and discovering new ideas. research, innovation, photography",business analyst focused developing strategic analytical skill skilled problem solving communication interest consulting industry personality generally ambitious strategic prefer creative environment idea discussed openly believe knowledge sharing outside work enjoy research innovation discovering new idea research innovation photography
U024,Meera Nair,22,Mumbai,Entrepreneur,1,"Working as a Entrepreneur with experience in communication and business strategy. My career goal is turning ideas into useful products, particularly within FinTech.","I enjoy learning, solving problems, and working in problem-solving environments involving different perspectives. I value innovation and have a strong interest in sports and artificial intelligence. I also enjoy exchanging ideas with people from different backgrounds.",ISTP,"sports, artificial intelligence, startups",23,36,"Working as a Entrepreneur with experience in communication and business strategy. My career goal is turning ideas into useful products, particularly within FinTech. I enjoy learning, solving problems, and working in problem-solving environments involving different perspectives. I value innovation and have a strong interest in sports and artificial intelligence. I also enjoy exchanging ideas with people from different backgrounds. sports, artificial intelligence, startups",working entrepreneur experience communication business strategy career goal turning idea useful product particularly within fintech enjoy learning solving problem working problemsolving environment involving different perspective value innovation strong interest sport artificial intelligence also enjoy exchanging idea people different background sport artificial intelligence startup
U025,Nikhil Verma,34,Ahmedabad,Software Engineer,6,"Software Engineer interested in building practical solutions in SaaS. Experienced with Java and SQL, and currently aiming toward developing reliable technology solutions.","I enjoy learning, solving problems, and working in creative environments where ideas can be discussed openly. I value honest communication and have a strong interest in startups and entrepreneurship. I also enjoy exchanging ideas with people from different backgrounds.",ESTJ,"startups, entrepreneurship, public speaking",22,39,"Software Engineer interested in building practical solutions in SaaS. Experienced with Java and SQL, and currently aiming toward developing reliable technology solutions. I enjoy learning, solving problems, and working in creative environments where ideas can be discussed openly. I value honest communication and have a strong interest in startups and entrepreneurship. I also enjoy exchanging ideas with people from different backgrounds. startups, entrepreneurship, public speaking",software engineer interested building practical solution saas experienced java sql currently aiming toward developing reliable technology solution enjoy learning solving problem working creative environment idea discussed openly value honest communication strong interest startup entrepreneurship also enjoy exchanging idea people different background startup entrepreneurship public speaking
U026,Karthikeya Sharma,29,Kolkata,Business Analyst,3,"Working as a Business Analyst with experience in communication and business analysis. My career goal is connecting business requirements with technology, particularly within retail.","I enjoy learning, solving problems, and working in problem-solving environments involving different perspectives. I value continuous learning and have a strong interest in design and innovation. I also enjoy exchanging ideas with people from different backgrounds.",ESTP,"design, innovation, startups",24,36,"Working as a Business Analyst with experience in communication and business analysis. My career goal is connecting business requirements with technology, particularly within retail. I enjoy learning, solving problems, and working in problem-solving environments involving different perspectives. I value continuous learning and have a strong interest in design and innovation. I also enjoy exchanging ideas with people from different backgrounds. design, innovation, startups",working business analyst experience communication business analysis career goal connecting business requirement technology particularly within retail enjoy learning solving problem working problemsolving environment involving different perspective value continuous learning strong interest design innovation also enjoy exchanging idea people different background design innovation startup
U027,Arjun Malhotra,22,Hyderabad,Machine Learning Engineer,0,"Machine Learning Engineer focused on working on practical AI solutions. Skilled in machine learning and model deployment, with an interest in the AI industry.","I am curious and independent, and I enjoy working in structured environments with clear goals. I value knowledge sharing and spend my free time exploring innovation and research.",INTJ,"innovation, research, photography",24,28,"Machine Learning Engineer focused on working on practical AI solutions. Skilled in machine learning and model deployment, with an interest in the AI industry. I am curious and independent, and I enjoy working in structured environments with clear goals. I value knowledge sharing and spend my free time exploring innovation and research. innovation, research, photography",machine learning engineer focused working practical ai solution skilled machine learning model deployment interest ai industry curious independent enjoy working structured environment clear goal value knowledge sharing spend free time exploring innovation research innovation research photography
U028,Anika Singh,24,Chennai,AI Engineer,0,"AI Engineer interested in building practical solutions in robotics. Experienced with artificial intelligence and NLP, and currently aiming toward developing intelligent AI applications.","My personality is generally strategic and analytical. I prefer structured environments with clear goals and believe in meaningful work. Outside work, I enjoy travel, sports, and discovering new ideas.",INTJ,"travel, sports, startups",23,29,"AI Engineer interested in building practical solutions in robotics. Experienced with artificial intelligence and NLP, and currently aiming toward developing intelligent AI applications. My personality is generally strategic and analytical. I prefer structured environments with clear goals and believe in meaningful work. Outside work, I enjoy travel, sports, and discovering new ideas. travel, sports, startups",ai engineer interested building practical solution robotics experienced artificial intelligence nlp currently aiming toward developing intelligent ai application personality generally strategic analytical prefer structured environment clear goal believe meaningful work outside work enjoy travel sport discovering new idea travel sport startup
U029,Aditya Iyer,38,Kolkata,Researcher,11,"Working as a Researcher with experience in technical writing and Python. My career goal is developing new solutions to complex problems, particularly within AI research.","I am leadership-oriented and decisive, and I enjoy working in independent work with room for experimentation. I value personal growth and spend my free time exploring volunteering and design.",ENTJ,"volunteering, design, artificial intelligence",25,29,"Working as a Researcher with experience in technical writing and Python. My career goal is developing new solutions to complex problems, particularly within AI research. I am leadership-oriented and decisive, and I enjoy working in independent work with room for experimentation. I value personal growth and spend my free time exploring volunteering and design. volunteering, design, artificial intelligence",working researcher experience technical writing python career goal developing new solution complex problem particularly within ai research leadershiporiented decisive enjoy working independent work room experimentation value personal growth spend free time exploring volunteering design volunteering design artificial intelligence
U030,Sneha Kumar,29,Kochi,Financial Analyst,8,"Working as a Financial Analyst with experience in data analysis and financial analysis. My career goal is developing expertise in financial analytics, particularly within banking.","I enjoy learning, solving problems, and working in problem-solving environments involving different perspectives. I value personal growth and have a strong interest in public speaking and coding. I also enjoy exchanging ideas with people from different backgrounds.",ESFP,"public speaking, coding, music",25,37,"Working as a Financial Analyst with experience in data analysis and financial analysis. My career goal is developing expertise in financial analytics, particularly within banking. I enjoy learning, solving problems, and working in problem-solving environments involving different perspectives. I value personal growth and have a strong interest in public speaking and coding. I also enjoy exchanging ideas with people from different backgrounds. public speaking, coding, music",working financial analyst experience data analysis financial analysis career goal developing expertise financial analytics particularly within banking enjoy learning solving problem working problemsolving environment involving different perspective value personal growth strong interest public speaking coding also enjoy exchanging idea people different background public speaking coding music
U031,Aarav Gupta,31,Chennai,UI/UX Designer,3,"UI/UX Designer focused on growing as a product designer. Skilled in Figma and prototyping, with an interest in the SaaS industry.","My personality is generally supportive and collaborative. I prefer creative environments where ideas can be discussed openly and believe in helping others. Outside work, I enjoy music, design, and discovering new ideas.",ESFJ,"music, design, innovation",21,32,"UI/UX Designer focused on growing as a product designer. Skilled in Figma and prototyping, with an interest in the SaaS industry. My personality is generally supportive and collaborative. I prefer creative environments where ideas can be discussed openly and believe in helping others. Outside work, I enjoy music, design, and discovering new ideas. music, design, innovation",uiux designer focused growing product designer skilled figma prototyping interest saas industry personality generally supportive collaborative prefer creative environment idea discussed openly believe helping others outside work enjoy music design discovering new idea music design innovation
U032,Nikhil Joshi,36,Ahmedabad,UI/UX Designer,0,"UI/UX Designer interested in building practical solutions in E-commerce. Experienced with UX research and prototyping, and currently aiming toward designing accessible and user-friendly products.","I enjoy learning, solving problems, and working in problem-solving environments involving different perspectives. I value knowledge sharing and have a strong interest in travel and photography. I also enjoy exchanging ideas with people from different backgrounds.",ENTJ,"travel, photography, startups",24,36,"UI/UX Designer interested in building practical solutions in E-commerce. Experienced with UX research and prototyping, and currently aiming toward designing accessible and user-friendly products. I enjoy learning, solving problems, and working in problem-solving environments involving different perspectives. I value knowledge sharing and have a strong interest in travel and photography. I also enjoy exchanging ideas with people from different backgrounds. travel, photography, startups",uiux designer interested building practical solution ecommerce experienced ux research prototyping currently aiming toward designing accessible userfriendly product enjoy learning solving problem working problemsolving environment involving different perspective value knowledge sharing strong interest travel photography also enjoy exchanging idea people different background travel photography startup
U033,Meera Verma,30,Pune,Machine Learning Engineer,1,"Working as a Machine Learning Engineer with experience in machine learning and Python. My career goal is working on practical AI solutions, particularly within SaaS.","I am supportive and leadership-oriented, and I enjoy working in problem-solving environments involving different perspectives. I value reliability and spend my free time exploring design and reading.",ENFJ,"design, reading, meditation",25,27,"Working as a Machine Learning Engineer with experience in machine learning and Python. My career goal is working on practical AI solutions, particularly within SaaS. I am supportive and leadership-oriented, and I enjoy working in problem-solving environments involving different perspectives. I value reliability and spend my free time exploring design and reading. design, reading, meditation",working machine learning engineer experience machine learning python career goal working practical ai solution particularly within saas supportive leadershiporiented enjoy working problemsolving environment involving different perspective value reliability spend free time exploring design reading design reading meditation
U034,Vikram Verma,28,Delhi,Data Analyst,4,"Data Analyst focused on growing into an advanced analytics role. Skilled in SQL and data visualization, with an interest in the retail industry.","I enjoy learning, solving problems, and working in collaborative team environments. I value reliability and have a strong interest in meditation and research. I also enjoy exchanging ideas with people from different backgrounds.",INTJ,"meditation, research, music",23,33,"Data Analyst focused on growing into an advanced analytics role. Skilled in SQL and data visualization, with an interest in the retail industry. I enjoy learning, solving problems, and working in collaborative team environments. I value reliability and have a strong interest in meditation and research. I also enjoy exchanging ideas with people from different backgrounds. meditation, research, music",data analyst focused growing advanced analytics role skilled sql data visualization interest retail industry enjoy learning solving problem working collaborative team environment value reliability strong interest meditation research also enjoy exchanging idea people different background meditation research music
U035,Priya Gupta,31,Chennai,Software Engineer,4,"Software Engineer focused on building scalable software products. Skilled in software development and Python, with an interest in the SaaS industry.","My personality is generally creative and enthusiastic. I prefer independent work with room for experimentation and believe in meaningful work. Outside work, I enjoy reading, technology, and discovering new ideas.",ESFP,"reading, technology, startups",21,30,"Software Engineer focused on building scalable software products. Skilled in software development and Python, with an interest in the SaaS industry. My personality is generally creative and enthusiastic. I prefer independent work with room for experimentation and believe in meaningful work. Outside work, I enjoy reading, technology, and discovering new ideas. reading, technology, startups",software engineer focused building scalable software product skilled software development python interest saas industry personality generally creative enthusiastic prefer independent work room experimentation believe meaningful work outside work enjoy reading technology discovering new idea reading technology startup
U036,Kavya Singh,40,Kochi,Machine Learning Engineer,12,"Machine Learning Engineer interested in building practical solutions in AI. Experienced with Scikit-learn and model deployment, and currently aiming toward working on practical AI solutions.","My personality is generally energetic and social. I prefer independent work with room for experimentation and believe in reliability. Outside work, I enjoy public speaking, travel, and discovering new ideas.",ESTP,"public speaking, travel, coding",25,30,"Machine Learning Engineer interested in building practical solutions in AI. Experienced with Scikit-learn and model deployment, and currently aiming toward working on practical AI solutions. My personality is generally energetic and social. I prefer independent work with room for experimentation and believe in reliability. Outside work, I enjoy public speaking, travel, and discovering new ideas. public speaking, travel, coding",machine learning engineer interested building practical solution ai experienced scikitlearn model deployment currently aiming toward working practical ai solution personality generally energetic social prefer independent work room experimentation believe reliability outside work enjoy public speaking travel discovering new idea public speaking travel coding
U037,Arjun Patel,28,Chennai,Cybersecurity Analyst,1,"Working as a Cybersecurity Analyst with experience in security monitoring and Python. My career goal is protecting digital systems from emerging threats, particularly within cybersecurity.","My personality is generally idealistic and open-minded. I prefer creative environments where ideas can be discussed openly and believe in meaningful work. Outside work, I enjoy artificial intelligence, coding, and discovering new ideas.",INFP,"artificial intelligence, coding, public speaking",25,33,"Working as a Cybersecurity Analyst with experience in security monitoring and Python. My career goal is protecting digital systems from emerging threats, particularly within cybersecurity. My personality is generally idealistic and open-minded. I prefer creative environments where ideas can be discussed openly and believe in meaningful work. Outside work, I enjoy artificial intelligence, coding, and discovering new ideas. artificial intelligence, coding, public speaking",working cybersecurity analyst experience security monitoring python career goal protecting digital system emerging threat particularly within cybersecurity personality generally idealistic openminded prefer creative environment idea discussed openly believe meaningful work outside work enjoy artificial intelligence coding discovering new idea artificial intelligence coding public speaking
U038,Nikhil Chowdhury,29,Kochi,Researcher,3,"Researcher focused on conducting meaningful technical research. Skilled in Python and technical writing, with an interest in the healthcare industry.","I enjoy learning, solving problems, and working in problem-solving environments involving different perspectives. I value reliability and have a strong interest in reading and meditation. I also enjoy exchanging ideas with people from different backgrounds.",ISFP,"reading, meditation, photography",20,35,"Researcher focused on conducting meaningful technical research. Skilled in Python and technical writing, with an interest in the healthcare industry. I enjoy learning, solving problems, and working in problem-solving environments involving different perspectives. I value reliability and have a strong interest in reading and meditation. I also enjoy exchanging ideas with people from different backgrounds. reading, meditation, photography",researcher focused conducting meaningful technical research skilled python technical writing interest healthcare industry enjoy learning solving problem working problemsolving environment involving different perspective value reliability strong interest reading meditation also enjoy exchanging idea people different background reading meditation photography
U039,Rohan Gupta,30,Kolkata,AI Engineer,8,"Working as a AI Engineer with experience in artificial intelligence and NLP. My career goal is creating useful AI-powered products, particularly within EdTech.","My personality is generally enthusiastic and adaptable. I prefer independent work with room for experimentation and believe in continuous learning. Outside work, I enjoy public speaking, technology, and discovering new ideas.",ESFP,"public speaking, technology, machine learning",23,31,"Working as a AI Engineer with experience in artificial intelligence and NLP. My career goal is creating useful AI-powered products, particularly within EdTech. My personality is generally enthusiastic and adaptable. I prefer independent work with room for experimentation and believe in continuous learning. Outside work, I enjoy public speaking, technology, and discovering new ideas. public speaking, technology, machine learning",working ai engineer experience artificial intelligence nlp career goal creating useful aipowered product particularly within edtech personality generally enthusiastic adaptable prefer independent work room experimentation believe continuous learning outside work enjoy public speaking technology discovering new idea public speaking technology machine learning
U040,Siddharth Singh,22,Chennai,UI/UX Designer,1,"Working as a UI/UX Designer with experience in prototyping and UI design. My career goal is designing accessible and user-friendly products, particularly within creative technology.","I enjoy learning, solving problems, and working in collaborative team environments. I value honest communication and have a strong interest in entrepreneurship and sports. I also enjoy exchanging ideas with people from different backgrounds.",ISTJ,"entrepreneurship, sports, coding",25,34,"Working as a UI/UX Designer with experience in prototyping and UI design. My career goal is designing accessible and user-friendly products, particularly within creative technology. I enjoy learning, solving problems, and working in collaborative team environments. I value honest communication and have a strong interest in entrepreneurship and sports. I also enjoy exchanging ideas with people from different backgrounds. entrepreneurship, sports, coding",working uiux designer experience prototyping ui design career goal designing accessible userfriendly product particularly within creative technology enjoy learning solving problem working collaborative team environment value honest communication strong interest entrepreneurship sport also enjoy exchanging idea people different background entrepreneurship sport coding
U041,Priya Verma,33,Jaipur,Software Engineer,7,"Software Engineer interested in building practical solutions in SaaS. Experienced with Python and Java, and currently aiming toward growing into a senior engineering role.","My personality is generally leadership-oriented and strategic. I prefer collaborative team environments and believe in innovation. Outside work, I enjoy design, music, and discovering new ideas.",ENTJ,"design, music, innovation",24,26,"Software Engineer interested in building practical solutions in SaaS. Experienced with Python and Java, and currently aiming toward growing into a senior engineering role. My personality is generally leadership-oriented and strategic. I prefer collaborative team environments and believe in innovation. Outside work, I enjoy design, music, and discovering new ideas. design, music, innovation",software engineer interested building practical solution saas experienced python java currently aiming toward growing senior engineering role personality generally leadershiporiented strategic prefer collaborative team environment believe innovation outside work enjoy design music discovering new idea design music innovation
U042,Diya Singh,36,Ahmedabad,Financial Analyst,1,"Financial Analyst focused on improving financial decision-making. Skilled in data analysis and Excel, with an interest in the corporate finance industry.","My personality is generally collaborative and supportive. I prefer independent work with room for experimentation and believe in reliability. Outside work, I enjoy music, meditation, and discovering new ideas.",ENFJ,"music, meditation, research",21,29,"Financial Analyst focused on improving financial decision-making. Skilled in data analysis and Excel, with an interest in the corporate finance industry. My personality is generally collaborative and supportive. I prefer independent work with room for experimentation and believe in reliability. Outside work, I enjoy music, meditation, and discovering new ideas. music, meditation, research",financial analyst focused improving financial decisionmaking skilled data analysis excel interest corporate finance industry personality generally collaborative supportive prefer independent work room experimentation believe reliability outside work enjoy music meditation discovering new idea music meditation research
U043,Aarav Mehta,34,Bengaluru,Machine Learning Engineer,13,"Machine Learning Engineer interested in building practical solutions in healthcare technology. Experienced with model deployment and Scikit-learn, and currently aiming toward working on practical AI solutions.","I am energetic and curious, and I enjoy working in creative environments where ideas can be discussed openly. I value helping others and spend my free time exploring public speaking and reading.",ENTP,"public speaking, reading, research",26,32,"Machine Learning Engineer interested in building practical solutions in healthcare technology. Experienced with model deployment and Scikit-learn, and currently aiming toward working on practical AI solutions. I am energetic and curious, and I enjoy working in creative environments where ideas can be discussed openly. I value helping others and spend my free time exploring public speaking and reading. public speaking, reading, research",machine learning engineer interested building practical solution healthcare technology experienced model deployment scikitlearn currently aiming toward working practical ai solution energetic curious enjoy working creative environment idea discussed openly value helping others spend free time exploring public speaking reading public speaking reading research
U044,Meera Mehta,25,Kolkata,Machine Learning Engineer,4,"Working as a Machine Learning Engineer with experience in Scikit-learn and model deployment. My career goal is building production-ready machine learning systems, particularly within healthcare technology.","I am purpose-driven and insightful, and I enjoy working in problem-solving environments involving different perspectives. I value helping others and spend my free time exploring technology and music.",INFJ,"technology, music, coding",26,28,"Working as a Machine Learning Engineer with experience in Scikit-learn and model deployment. My career goal is building production-ready machine learning systems, particularly within healthcare technology. I am purpose-driven and insightful, and I enjoy working in problem-solving environments involving different perspectives. I value helping others and spend my free time exploring technology and music. technology, music, coding",working machine learning engineer experience scikitlearn model deployment career goal building productionready machine learning system particularly within healthcare technology purposedriven insightful enjoy working problemsolving environment involving different perspective value helping others spend free time exploring technology music technology music coding
U045,Priya Iyer,31,Jaipur,Financial Analyst,8,"Working as a Financial Analyst with experience in Excel and data analysis. My career goal is improving financial decision-making, particularly within corporate finance.","I enjoy learning, solving problems, and working in creative environments where ideas can be discussed openly. I value personal growth and have a strong interest in public speaking and design. I also enjoy exchanging ideas with people from different backgrounds.",ISTP,"public speaking, design, fitness",23,40,"Working as a Financial Analyst with experience in Excel and data analysis. My career goal is improving financial decision-making, particularly within corporate finance. I enjoy learning, solving problems, and working in creative environments where ideas can be discussed openly. I value personal growth and have a strong interest in public speaking and design. I also enjoy exchanging ideas with people from different backgrounds. public speaking, design, fitness",working financial analyst experience excel data analysis career goal improving financial decisionmaking particularly within corporate finance enjoy learning solving problem working creative environment idea discussed openly value personal growth strong interest public speaking design also enjoy exchanging idea people different background public speaking design fitness
U046,Rahul Gupta,22,Chennai,Cybersecurity Analyst,1,"Cybersecurity Analyst interested in building practical solutions in banking. Experienced with security monitoring and network security, and currently aiming toward developing expertise in cybersecurity.","I enjoy learning, solving problems, and working in creative environments where ideas can be discussed openly. I value reliability and have a strong interest in public speaking and reading. I also enjoy exchanging ideas with people from different backgrounds.",ENTP,"public speaking, reading, volunteering",24,39,"Cybersecurity Analyst interested in building practical solutions in banking. Experienced with security monitoring and network security, and currently aiming toward developing expertise in cybersecurity. I enjoy learning, solving problems, and working in creative environments where ideas can be discussed openly. I value reliability and have a strong interest in public speaking and reading. I also enjoy exchanging ideas with people from different backgrounds. public speaking, reading, volunteering",cybersecurity analyst interested building practical solution banking experienced security monitoring network security currently aiming toward developing expertise cybersecurity enjoy learning solving problem working creative environment idea discussed openly value reliability strong interest public speaking reading also enjoy exchanging idea people different background public speaking reading volunteering
U047,Anika Joshi,33,Bengaluru,Entrepreneur,5,"Entrepreneur interested in building practical solutions in technology. Experienced with business strategy and market research, and currently aiming toward building innovative technology businesses.","I am adaptable and practical, and I enjoy working in collaborative team environments. I value personal growth and spend my free time exploring design and writing.",ISTP,"design, writing, meditation",23,26,"Entrepreneur interested in building practical solutions in technology. Experienced with business strategy and market research, and currently aiming toward building innovative technology businesses. I am adaptable and practical, and I enjoy working in collaborative team environments. I value personal growth and spend my free time exploring design and writing. design, writing, meditation",entrepreneur interested building practical solution technology experienced business strategy market research currently aiming toward building innovative technology business adaptable practical enjoy working collaborative team environment value personal growth spend free time exploring design writing design writing meditation
U048,Karthikeya Joshi,30,Hyderabad,Software Engineer,5,"Working as a Software Engineer with experience in software development and Python. My career goal is growing into a senior engineering role, particularly within FinTech.","My personality is generally curious and analytical. I prefer independent work with room for experimentation and believe in meaningful work. Outside work, I enjoy travel, finance, and discovering new ideas.",INTP,"travel, finance, sports",25,30,"Working as a Software Engineer with experience in software development and Python. My career goal is growing into a senior engineering role, particularly within FinTech. My personality is generally curious and analytical. I prefer independent work with room for experimentation and believe in meaningful work. Outside work, I enjoy travel, finance, and discovering new ideas. travel, finance, sports",working software engineer experience software development python career goal growing senior engineering role particularly within fintech personality generally curious analytical prefer independent work room experimentation believe meaningful work outside work enjoy travel finance discovering new idea travel finance sport
U049,Ishita Singh,28,Ahmedabad,Project Manager,2,"Working as a Project Manager with experience in communication and planning. My career goal is improving team collaboration and delivery, particularly within technology.","My personality is generally enthusiastic and creative. I prefer creative environments where ideas can be discussed openly and believe in knowledge sharing. Outside work, I enjoy public speaking, music, and discovering new ideas.",ENFP,"public speaking, music, innovation",23,33,"Working as a Project Manager with experience in communication and planning. My career goal is improving team collaboration and delivery, particularly within technology. My personality is generally enthusiastic and creative. I prefer creative environments where ideas can be discussed openly and believe in knowledge sharing. Outside work, I enjoy public speaking, music, and discovering new ideas. public speaking, music, innovation",working project manager experience communication planning career goal improving team collaboration delivery particularly within technology personality generally enthusiastic creative prefer creative environment idea discussed openly believe knowledge sharing outside work enjoy public speaking music discovering new idea public speaking music innovation
U050,Siddharth Gupta,30,Mumbai,Product Manager,7,"Product Manager interested in building practical solutions in FinTech. Experienced with market research and leadership, and currently aiming toward building user-focused digital products.","My personality is generally innovative and curious. I prefer collaborative team environments and believe in continuous learning. Outside work, I enjoy photography, startups, and discovering new ideas.",ENTP,"photography, startups, finance",23,27,"Product Manager interested in building practical solutions in FinTech. Experienced with market research and leadership, and currently aiming toward building user-focused digital products. My personality is generally innovative and curious. I prefer collaborative team environments and believe in continuous learning. Outside work, I enjoy photography, startups, and discovering new ideas. photography, startups, finance",product manager interested building practical solution fintech experienced market research leadership currently aiming toward building userfocused digital product personality generally innovative curious prefer collaborative team environment believe continuous learning outside work enjoy photography startup discovering new idea photography startup finance
U051,Priya Das,30,Mumbai,Cloud Engineer,5,"Working as a Cloud Engineer with experience in AWS and Linux. My career goal is improving reliable technology operations, particularly within SaaS.","I am creative and curious, and I enjoy working in structured environments with clear goals. I value honest communication and spend my free time exploring fitness and music.",ENFP,"fitness, music, research",22,28,"Working as a Cloud Engineer with experience in AWS and Linux. My career goal is improving reliable technology operations, particularly within SaaS. I am creative and curious, and I enjoy working in structured environments with clear goals. I value honest communication and spend my free time exploring fitness and music. fitness, music, research",working cloud engineer experience aws linux career goal improving reliable technology operation particularly within saas creative curious enjoy working structured environment clear goal value honest communication spend free time exploring fitness music fitness music research
U052,Varun Iyer,34,Chennai,Machine Learning Engineer,2,"Machine Learning Engineer interested in building practical solutions in FinTech. Experienced with machine learning and model deployment, and currently aiming toward developing intelligent applications.","I am organized and supportive, and I enjoy working in creative environments where ideas can be discussed openly. I value meaningful work and spend my free time exploring volunteering and innovation.",ESFJ,"volunteering, innovation, music",24,31,"Machine Learning Engineer interested in building practical solutions in FinTech. Experienced with machine learning and model deployment, and currently aiming toward developing intelligent applications. I am organized and supportive, and I enjoy working in creative environments where ideas can be discussed openly. I value meaningful work and spend my free time exploring volunteering and innovation. volunteering, innovation, music",machine learning engineer interested building practical solution fintech experienced machine learning model deployment currently aiming toward developing intelligent application organized supportive enjoy working creative environment idea discussed openly value meaningful work spend free time exploring volunteering innovation volunteering innovation music
U053,Nikhil Das,33,Jaipur,Business Analyst,1,"Business Analyst interested in building practical solutions in retail. Experienced with SQL and business analysis, and currently aiming toward developing strategic analytical skills.","I am adaptable and analytical, and I enjoy working in creative environments where ideas can be discussed openly. I value knowledge sharing and spend my free time exploring artificial intelligence and music.",ISTP,"artificial intelligence, music, meditation",23,32,"Business Analyst interested in building practical solutions in retail. Experienced with SQL and business analysis, and currently aiming toward developing strategic analytical skills. I am adaptable and analytical, and I enjoy working in creative environments where ideas can be discussed openly. I value knowledge sharing and spend my free time exploring artificial intelligence and music. artificial intelligence, music, meditation",business analyst interested building practical solution retail experienced sql business analysis currently aiming toward developing strategic analytical skill adaptable analytical enjoy working creative environment idea discussed openly value knowledge sharing spend free time exploring artificial intelligence music artificial intelligence music meditation
U054,Nikhil Gupta,21,Kochi,Project Manager,0,"Project Manager focused on leading successful technology projects. Skilled in planning and project management, with an interest in the SaaS industry.","I am curious and enthusiastic, and I enjoy working in collaborative team environments. I value meaningful work and spend my free time exploring technology and public speaking.",ENFP,"technology, public speaking, travel",21,27,"Project Manager focused on leading successful technology projects. Skilled in planning and project management, with an interest in the SaaS industry. I am curious and enthusiastic, and I enjoy working in collaborative team environments. I value meaningful work and spend my free time exploring technology and public speaking. technology, public speaking, travel",project manager focused leading successful technology project skilled planning project management interest saas industry curious enthusiastic enjoy working collaborative team environment value meaningful work spend free time exploring technology public speaking technology public speaking travel
U055,Aisha Patel,33,Ahmedabad,Business Analyst,10,"Business Analyst focused on improving organizational decision-making. Skilled in SQL and business analysis, with an interest in the FinTech industry.","I am empathetic and creative, and I enjoy working in creative environments where ideas can be discussed openly. I value helping others and spend my free time exploring sports and research.",ISFP,"sports, research, coding",20,31,"Business Analyst focused on improving organizational decision-making. Skilled in SQL and business analysis, with an interest in the FinTech industry. I am empathetic and creative, and I enjoy working in creative environments where ideas can be discussed openly. I value helping others and spend my free time exploring sports and research. sports, research, coding",business analyst focused improving organizational decisionmaking skilled sql business analysis interest fintech industry empathetic creative enjoy working creative environment idea discussed openly value helping others spend free time exploring sport research sport research coding
U056,Diya Reddy,32,Jaipur,Project Manager,10,"Project Manager interested in building practical solutions in enterprise. Experienced with leadership and project management, and currently aiming toward leading successful technology projects.","I am social and organized, and I enjoy working in problem-solving environments involving different perspectives. I value continuous learning and spend my free time exploring machine learning and startups.",ESFJ,"machine learning, startups, music",23,29,"Project Manager interested in building practical solutions in enterprise. Experienced with leadership and project management, and currently aiming toward leading successful technology projects. I am social and organized, and I enjoy working in problem-solving environments involving different perspectives. I value continuous learning and spend my free time exploring machine learning and startups. machine learning, startups, music",project manager interested building practical solution enterprise experienced leadership project management currently aiming toward leading successful technology project social organized enjoy working problemsolving environment involving different perspective value continuous learning spend free time exploring machine learning startup machine learning startup music
U057,Rahul Malhotra,39,Mumbai,Data Scientist,6,"Data Scientist interested in building practical solutions in FinTech. Experienced with Python and machine learning, and currently aiming toward developing predictive models.","I am supportive and empathetic, and I enjoy working in collaborative team environments. I value continuous learning and spend my free time exploring photography and design.",ENFJ,"photography, design, research",22,26,"Data Scientist interested in building practical solutions in FinTech. Experienced with Python and machine learning, and currently aiming toward developing predictive models. I am supportive and empathetic, and I enjoy working in collaborative team environments. I value continuous learning and spend my free time exploring photography and design. photography, design, research",data scientist interested building practical solution fintech experienced python machine learning currently aiming toward developing predictive model supportive empathetic enjoy working collaborative team environment value continuous learning spend free time exploring photography design photography design research
U058,Aarav Iyer,28,Kochi,Business Analyst,0,"Business Analyst focused on developing strategic analytical skills. Skilled in problem solving and communication, with an interest in the banking industry.","I enjoy learning, solving problems, and working in structured environments with clear goals. I value meaningful work and have a strong interest in music and machine learning. I also enjoy exchanging ideas with people from different backgrounds.",INFP,"music, machine learning, research",21,37,"Business Analyst focused on developing strategic analytical skills. Skilled in problem solving and communication, with an interest in the banking industry. I enjoy learning, solving problems, and working in structured environments with clear goals. I value meaningful work and have a strong interest in music and machine learning. I also enjoy exchanging ideas with people from different backgrounds. music, machine learning, research",business analyst focused developing strategic analytical skill skilled problem solving communication interest banking industry enjoy learning solving problem working structured environment clear goal value meaningful work strong interest music machine learning also enjoy exchanging idea people different background music machine learning research
U059,Sneha Rao,40,Hyderabad,Digital Marketing Specialist,9,"Digital Marketing Specialist interested in building practical solutions in E-commerce. Experienced with social media and SEO, and currently aiming toward growing digital brands.","My personality is generally social and energetic. I prefer collaborative team environments and believe in knowledge sharing. Outside work, I enjoy artificial intelligence, machine learning, and discovering new ideas.",ESTP,"artificial intelligence, machine learning, writing",23,29,"Digital Marketing Specialist interested in building practical solutions in E-commerce. Experienced with social media and SEO, and currently aiming toward growing digital brands. My personality is generally social and energetic. I prefer collaborative team environments and believe in knowledge sharing. Outside work, I enjoy artificial intelligence, machine learning, and discovering new ideas. artificial intelligence, machine learning, writing",digital marketing specialist interested building practical solution ecommerce experienced social medium seo currently aiming toward growing digital brand personality generally social energetic prefer collaborative team environment believe knowledge sharing outside work enjoy artificial intelligence machine learning discovering new idea artificial intelligence machine learning writing
U060,Rahul Reddy,25,Pune,Cloud Engineer,4,"Cloud Engineer interested in building practical solutions in enterprise technology. Experienced with DevOps and Linux, and currently aiming toward designing scalable cloud infrastructure.","I enjoy learning, solving problems, and working in problem-solving environments involving different perspectives. I value innovation and have a strong interest in startups and volunteering. I also enjoy exchanging ideas with people from different backgrounds.",ESTJ,"startups, volunteering, travel",23,35,"Cloud Engineer interested in building practical solutions in enterprise technology. Experienced with DevOps and Linux, and currently aiming toward designing scalable cloud infrastructure. I enjoy learning, solving problems, and working in problem-solving environments involving different perspectives. I value innovation and have a strong interest in startups and volunteering. I also enjoy exchanging ideas with people from different backgrounds. startups, volunteering, travel",cloud engineer interested building practical solution enterprise technology experienced devops linux currently aiming toward designing scalable cloud infrastructure enjoy learning solving problem working problemsolving environment involving different perspective value innovation strong interest startup volunteering also enjoy exchanging idea people different background startup volunteering travel
U061,Meera Chowdhury,28,Kolkata,Business Analyst,7,"Business Analyst focused on improving organizational decision-making. Skilled in problem solving and business analysis, with an interest in the retail industry.","I am analytical and practical, and I enjoy working in collaborative team environments. I value meaningful work and spend my free time exploring coding and reading.",ISTP,"coding, reading, design",21,26,"Business Analyst focused on improving organizational decision-making. Skilled in problem solving and business analysis, with an interest in the retail industry. I am analytical and practical, and I enjoy working in collaborative team environments. I value meaningful work and spend my free time exploring coding and reading. coding, reading, design",business analyst focused improving organizational decisionmaking skilled problem solving business analysis interest retail industry analytical practical enjoy working collaborative team environment value meaningful work spend free time exploring coding reading coding reading design
U062,Kavya Reddy,32,Chennai,Cybersecurity Analyst,0,"Cybersecurity Analyst interested in building practical solutions in cybersecurity. Experienced with security monitoring and threat analysis, and currently aiming toward developing expertise in cybersecurity.","I am practical and decisive, and I enjoy working in collaborative team environments. I value innovation and spend my free time exploring reading and coding.",ESTJ,"reading, coding, finance",24,25,"Cybersecurity Analyst interested in building practical solutions in cybersecurity. Experienced with security monitoring and threat analysis, and currently aiming toward developing expertise in cybersecurity. I am practical and decisive, and I enjoy working in collaborative team environments. I value innovation and spend my free time exploring reading and coding. reading, coding, finance",cybersecurity analyst interested building practical solution cybersecurity experienced security monitoring threat analysis currently aiming toward developing expertise cybersecurity practical decisive enjoy working collaborative team environment value innovation spend free time exploring reading coding reading coding finance
U063,Priya Rao,24,Delhi,Entrepreneur,2,"Entrepreneur interested in building practical solutions in technology. Experienced with communication and market research, and currently aiming toward developing sustainable entrepreneurial ventures.","My personality is generally energetic and creative. I prefer independent work with room for experimentation and believe in reliability. Outside work, I enjoy music, sports, and discovering new ideas.",ENTP,"music, sports, photography",22,29,"Entrepreneur interested in building practical solutions in technology. Experienced with communication and market research, and currently aiming toward developing sustainable entrepreneurial ventures. My personality is generally energetic and creative. I prefer independent work with room for experimentation and believe in reliability. Outside work, I enjoy music, sports, and discovering new ideas. music, sports, photography",entrepreneur interested building practical solution technology experienced communication market research currently aiming toward developing sustainable entrepreneurial venture personality generally energetic creative prefer independent work room experimentation believe reliability outside work enjoy music sport discovering new idea music sport photography
U064,Varun Chowdhury,31,Delhi,Software Engineer,2,"Software Engineer interested in building practical solutions in SaaS. Experienced with Java and SQL, and currently aiming toward building scalable software products.","I enjoy learning, solving problems, and working in creative environments where ideas can be discussed openly. I value helping others and have a strong interest in sports and startups. I also enjoy exchanging ideas with people from different backgrounds.",INFJ,"sports, startups, technology",22,39,"Software Engineer interested in building practical solutions in SaaS. Experienced with Java and SQL, and currently aiming toward building scalable software products. I enjoy learning, solving problems, and working in creative environments where ideas can be discussed openly. I value helping others and have a strong interest in sports and startups. I also enjoy exchanging ideas with people from different backgrounds. sports, startups, technology",software engineer interested building practical solution saas experienced java sql currently aiming toward building scalable software product enjoy learning solving problem working creative environment idea discussed openly value helping others strong interest sport startup also enjoy exchanging idea people different background sport startup technology
U065,Karthikeya Iyer,30,Delhi,Financial Analyst,9,"Working as a Financial Analyst with experience in financial analysis and data analysis. My career goal is developing expertise in financial analytics, particularly within banking.","I enjoy learning, solving problems, and working in problem-solving environments involving different perspectives. I value helping others and have a strong interest in machine learning and research. I also enjoy exchanging ideas with people from different backgrounds.",ENTJ,"machine learning, research, entrepreneurship",25,37,"Working as a Financial Analyst with experience in financial analysis and data analysis. My career goal is developing expertise in financial analytics, particularly within banking. I enjoy learning, solving problems, and working in problem-solving environments involving different perspectives. I value helping others and have a strong interest in machine learning and research. I also enjoy exchanging ideas with people from different backgrounds. machine learning, research, entrepreneurship",working financial analyst experience financial analysis data analysis career goal developing expertise financial analytics particularly within banking enjoy learning solving problem working problemsolving environment involving different perspective value helping others strong interest machine learning research also enjoy exchanging idea people different background machine learning research entrepreneurship
U066,Siddharth Rao,37,Bengaluru,Business Analyst,13,"Business Analyst interested in building practical solutions in consulting. Experienced with communication and SQL, and currently aiming toward improving organizational decision-making.","I am creative and innovative, and I enjoy working in independent work with room for experimentation. I value reliability and spend my free time exploring travel and sports.",ENTP,"travel, sports, writing",21,28,"Business Analyst interested in building practical solutions in consulting. Experienced with communication and SQL, and currently aiming toward improving organizational decision-making. I am creative and innovative, and I enjoy working in independent work with room for experimentation. I value reliability and spend my free time exploring travel and sports. travel, sports, writing",business analyst interested building practical solution consulting experienced communication sql currently aiming toward improving organizational decisionmaking creative innovative enjoy working independent work room experimentation value reliability spend free time exploring travel sport travel sport writing
U067,Siddharth Verma,31,Bengaluru,Software Engineer,7,"Working as a Software Engineer with experience in Java and SQL. My career goal is building scalable software products, particularly within EdTech.","I am creative and flexible, and I enjoy working in collaborative team environments. I value helping others and spend my free time exploring entrepreneurship and research.",ISFP,"entrepreneurship, research, startups",22,26,"Working as a Software Engineer with experience in Java and SQL. My career goal is building scalable software products, particularly within EdTech. I am creative and flexible, and I enjoy working in collaborative team environments. I value helping others and spend my free time exploring entrepreneurship and research. entrepreneurship, research, startups",working software engineer experience java sql career goal building scalable software product particularly within edtech creative flexible enjoy working collaborative team environment value helping others spend free time exploring entrepreneurship research entrepreneurship research startup
U068,Ananya Singh,34,Kochi,Product Manager,11,"Working as a Product Manager with experience in product strategy and communication. My career goal is developing strong product leadership skills, particularly within EdTech.","I am empathetic and creative, and I enjoy working in creative environments where ideas can be discussed openly. I value meaningful work and spend my free time exploring travel and reading.",ISFP,"travel, reading, startups",24,31,"Working as a Product Manager with experience in product strategy and communication. My career goal is developing strong product leadership skills, particularly within EdTech. I am empathetic and creative, and I enjoy working in creative environments where ideas can be discussed openly. I value meaningful work and spend my free time exploring travel and reading. travel, reading, startups",working product manager experience product strategy communication career goal developing strong product leadership skill particularly within edtech empathetic creative enjoy working creative environment idea discussed openly value meaningful work spend free time exploring travel reading travel reading startup
U069,Ishita Mehta,23,Kolkata,Entrepreneur,1,"Entrepreneur interested in building practical solutions in technology. Experienced with business strategy and market research, and currently aiming toward developing sustainable entrepreneurial ventures.","I am decisive and leadership-oriented, and I enjoy working in structured environments with clear goals. I value honest communication and spend my free time exploring photography and design.",ESTJ,"photography, design, entrepreneurship",23,28,"Entrepreneur interested in building practical solutions in technology. Experienced with business strategy and market research, and currently aiming toward developing sustainable entrepreneurial ventures. I am decisive and leadership-oriented, and I enjoy working in structured environments with clear goals. I value honest communication and spend my free time exploring photography and design. photography, design, entrepreneurship",entrepreneur interested building practical solution technology experienced business strategy market research currently aiming toward developing sustainable entrepreneurial venture decisive leadershiporiented enjoy working structured environment clear goal value honest communication spend free time exploring photography design photography design entrepreneurship
U070,Rohan Patel,29,Mumbai,Data Analyst,2,"Working as a Data Analyst with experience in data visualization and Excel. My career goal is growing into an advanced analytics role, particularly within retail.","I enjoy learning, solving problems, and working in collaborative team environments. I value helping others and have a strong interest in entrepreneurship and writing. I also enjoy exchanging ideas with people from different backgrounds.",ENTJ,"entrepreneurship, writing, public speaking",25,34,"Working as a Data Analyst with experience in data visualization and Excel. My career goal is growing into an advanced analytics role, particularly within retail. I enjoy learning, solving problems, and working in collaborative team environments. I value helping others and have a strong interest in entrepreneurship and writing. I also enjoy exchanging ideas with people from different backgrounds. entrepreneurship, writing, public speaking",working data analyst experience data visualization excel career goal growing advanced analytics role particularly within retail enjoy learning solving problem working collaborative team environment value helping others strong interest entrepreneurship writing also enjoy exchanging idea people different background entrepreneurship writing public speaking
U071,Varun Malhotra,29,Kochi,Software Engineer,5,"Software Engineer focused on developing reliable technology solutions. Skilled in Python and software development, with an interest in the EdTech industry.","I enjoy learning, solving problems, and working in problem-solving environments involving different perspectives. I value personal growth and have a strong interest in travel and public speaking. I also enjoy exchanging ideas with people from different backgrounds.",ENTJ,"travel, public speaking, sports",21,37,"Software Engineer focused on developing reliable technology solutions. Skilled in Python and software development, with an interest in the EdTech industry. I enjoy learning, solving problems, and working in problem-solving environments involving different perspectives. I value personal growth and have a strong interest in travel and public speaking. I also enjoy exchanging ideas with people from different backgrounds. travel, public speaking, sports",software engineer focused developing reliable technology solution skilled python software development interest edtech industry enjoy learning solving problem working problemsolving environment involving different perspective value personal growth strong interest travel public speaking also enjoy exchanging idea people different background travel public speaking sport
U072,Neha Mehta,22,Ahmedabad,Project Manager,0,"Working as a Project Manager with experience in leadership and project management. My career goal is leading successful technology projects, particularly within enterprise.","I am organized and practical, and I enjoy working in independent work with room for experimentation. I value continuous learning and spend my free time exploring innovation and writing.",ESTJ,"innovation, writing, volunteering",23,29,"Working as a Project Manager with experience in leadership and project management. My career goal is leading successful technology projects, particularly within enterprise. I am organized and practical, and I enjoy working in independent work with room for experimentation. I value continuous learning and spend my free time exploring innovation and writing. innovation, writing, volunteering",working project manager experience leadership project management career goal leading successful technology project particularly within enterprise organized practical enjoy working independent work room experimentation value continuous learning spend free time exploring innovation writing innovation writing volunteering
U073,Meera Gupta,37,Jaipur,Cloud Engineer,5,"Cloud Engineer interested in building practical solutions in SaaS. Experienced with DevOps and cloud computing, and currently aiming toward developing advanced cloud engineering expertise.","My personality is generally organized and supportive. I prefer structured environments with clear goals and believe in meaningful work. Outside work, I enjoy finance, travel, and discovering new ideas.",ESFJ,"finance, travel, startups",24,29,"Cloud Engineer interested in building practical solutions in SaaS. Experienced with DevOps and cloud computing, and currently aiming toward developing advanced cloud engineering expertise. My personality is generally organized and supportive. I prefer structured environments with clear goals and believe in meaningful work. Outside work, I enjoy finance, travel, and discovering new ideas. finance, travel, startups",cloud engineer interested building practical solution saas experienced devops cloud computing currently aiming toward developing advanced cloud engineering expertise personality generally organized supportive prefer structured environment clear goal believe meaningful work outside work enjoy finance travel discovering new idea finance travel startup
U074,Ishita Verma,29,Kochi,Entrepreneur,2,"Entrepreneur interested in building practical solutions in EdTech. Experienced with market research and leadership, and currently aiming toward building innovative technology businesses.","My personality is generally organized and decisive. I prefer problem-solving environments involving different perspectives and believe in personal growth. Outside work, I enjoy technology, sports, and discovering new ideas.",ESTJ,"technology, sports, research",22,29,"Entrepreneur interested in building practical solutions in EdTech. Experienced with market research and leadership, and currently aiming toward building innovative technology businesses. My personality is generally organized and decisive. I prefer problem-solving environments involving different perspectives and believe in personal growth. Outside work, I enjoy technology, sports, and discovering new ideas. technology, sports, research",entrepreneur interested building practical solution edtech experienced market research leadership currently aiming toward building innovative technology business personality generally organized decisive prefer problemsolving environment involving different perspective believe personal growth outside work enjoy technology sport discovering new idea technology sport research
U075,Ananya Das,25,Jaipur,Data Scientist,3,"Data Scientist focused on solving real-world problems using data. Skilled in machine learning and Python, with an interest in the retail analytics industry.","I enjoy learning, solving problems, and working in independent work with room for experimentation. I value meaningful work and have a strong interest in artificial intelligence and finance. I also enjoy exchanging ideas with people from different backgrounds.",ESFJ,"artificial intelligence, finance, travel",23,38,"Data Scientist focused on solving real-world problems using data. Skilled in machine learning and Python, with an interest in the retail analytics industry. I enjoy learning, solving problems, and working in independent work with room for experimentation. I value meaningful work and have a strong interest in artificial intelligence and finance. I also enjoy exchanging ideas with people from different backgrounds. artificial intelligence, finance, travel",data scientist focused solving realworld problem using data skilled machine learning python interest retail analytics industry enjoy learning solving problem working independent work room experimentation value meaningful work strong interest artificial intelligence finance also enjoy exchanging idea people different background artificial intelligence finance travel
U076,Rohan Mehta,38,Jaipur,Software Engineer,10,"Working as a Software Engineer with experience in Java and Python. My career goal is growing into a senior engineering role, particularly within FinTech.","I enjoy learning, solving problems, and working in structured environments with clear goals. I value innovation and have a strong interest in innovation and startups. I also enjoy exchanging ideas with people from different backgrounds.",INFJ,"innovation, startups, research",24,35,"Working as a Software Engineer with experience in Java and Python. My career goal is growing into a senior engineering role, particularly within FinTech. I enjoy learning, solving problems, and working in structured environments with clear goals. I value innovation and have a strong interest in innovation and startups. I also enjoy exchanging ideas with people from different backgrounds. innovation, startups, research",working software engineer experience java python career goal growing senior engineering role particularly within fintech enjoy learning solving problem working structured environment clear goal value innovation strong interest innovation startup also enjoy exchanging idea people different background innovation startup research
U077,Anika Verma,35,Mumbai,Cybersecurity Analyst,3,"Cybersecurity Analyst interested in building practical solutions in FinTech. Experienced with security monitoring and Python, and currently aiming toward developing expertise in cybersecurity.","I enjoy learning, solving problems, and working in independent work with room for experimentation. I value honest communication and have a strong interest in writing and fitness. I also enjoy exchanging ideas with people from different backgrounds.",ISFJ,"writing, fitness, finance",23,37,"Cybersecurity Analyst interested in building practical solutions in FinTech. Experienced with security monitoring and Python, and currently aiming toward developing expertise in cybersecurity. I enjoy learning, solving problems, and working in independent work with room for experimentation. I value honest communication and have a strong interest in writing and fitness. I also enjoy exchanging ideas with people from different backgrounds. writing, fitness, finance",cybersecurity analyst interested building practical solution fintech experienced security monitoring python currently aiming toward developing expertise cybersecurity enjoy learning solving problem working independent work room experimentation value honest communication strong interest writing fitness also enjoy exchanging idea people different background writing fitness finance
U078,Aditya Kumar,36,Delhi,Cybersecurity Analyst,3,"Cybersecurity Analyst focused on developing expertise in cybersecurity. Skilled in threat analysis and Python, with an interest in the banking industry.","I enjoy learning, solving problems, and working in structured environments with clear goals. I value continuous learning and have a strong interest in travel and technology. I also enjoy exchanging ideas with people from different backgrounds.",ENTP,"travel, technology, entrepreneurship",21,36,"Cybersecurity Analyst focused on developing expertise in cybersecurity. Skilled in threat analysis and Python, with an interest in the banking industry. I enjoy learning, solving problems, and working in structured environments with clear goals. I value continuous learning and have a strong interest in travel and technology. I also enjoy exchanging ideas with people from different backgrounds. travel, technology, entrepreneurship",cybersecurity analyst focused developing expertise cybersecurity skilled threat analysis python interest banking industry enjoy learning solving problem working structured environment clear goal value continuous learning strong interest travel technology also enjoy exchanging idea people different background travel technology entrepreneurship
U079,Aditya Nair,37,Delhi,Machine Learning Engineer,12,"Machine Learning Engineer focused on building production-ready machine learning systems. Skilled in Scikit-learn and Python, with an interest in the healthcare technology industry.","My personality is generally ambitious and strategic. I prefer creative environments where ideas can be discussed openly and believe in honest communication. Outside work, I enjoy finance, photography, and discovering new ideas.",ENTJ,"finance, photography, artificial intelligence",23,32,"Machine Learning Engineer focused on building production-ready machine learning systems. Skilled in Scikit-learn and Python, with an interest in the healthcare technology industry. My personality is generally ambitious and strategic. I prefer creative environments where ideas can be discussed openly and believe in honest communication. Outside work, I enjoy finance, photography, and discovering new ideas. finance, photography, artificial intelligence",machine learning engineer focused building productionready machine learning system skilled scikitlearn python interest healthcare technology industry personality generally ambitious strategic prefer creative environment idea discussed openly believe honest communication outside work enjoy finance photography discovering new idea finance photography artificial intelligence
U080,Anika Sharma,23,Hyderabad,AI Engineer,0,"AI Engineer focused on working on advanced artificial intelligence systems. Skilled in Python and deep learning, with an interest in the robotics industry.","I am empathetic and insightful, and I enjoy working in creative environments where ideas can be discussed openly. I value helping others and spend my free time exploring meditation and volunteering.",INFJ,"meditation, volunteering, coding",23,31,"AI Engineer focused on working on advanced artificial intelligence systems. Skilled in Python and deep learning, with an interest in the robotics industry. I am empathetic and insightful, and I enjoy working in creative environments where ideas can be discussed openly. I value helping others and spend my free time exploring meditation and volunteering. meditation, volunteering, coding",ai engineer focused working advanced artificial intelligence system skilled python deep learning interest robotics industry empathetic insightful enjoy working creative environment idea discussed openly value helping others spend free time exploring meditation volunteering meditation volunteering coding
U081,Rohan Das,36,Kochi,Cybersecurity Analyst,0,"Cybersecurity Analyst interested in building practical solutions in FinTech. Experienced with network security and threat analysis, and currently aiming toward protecting digital systems from emerging threats.","I am collaborative and creative, and I enjoy working in collaborative team environments. I value knowledge sharing and spend my free time exploring research and travel.",ENFP,"research, travel, coding",26,26,"Cybersecurity Analyst interested in building practical solutions in FinTech. Experienced with network security and threat analysis, and currently aiming toward protecting digital systems from emerging threats. I am collaborative and creative, and I enjoy working in collaborative team environments. I value knowledge sharing and spend my free time exploring research and travel. research, travel, coding",cybersecurity analyst interested building practical solution fintech experienced network security threat analysis currently aiming toward protecting digital system emerging threat collaborative creative enjoy working collaborative team environment value knowledge sharing spend free time exploring research travel research travel coding
U082,Sneha Mehta,37,Jaipur,Cybersecurity Analyst,0,"Cybersecurity Analyst focused on developing expertise in cybersecurity. Skilled in threat analysis and Python, with an interest in the cybersecurity industry.","I am adaptable and practical, and I enjoy working in collaborative team environments. I value knowledge sharing and spend my free time exploring writing and machine learning.",ISTP,"writing, machine learning, startups",21,27,"Cybersecurity Analyst focused on developing expertise in cybersecurity. Skilled in threat analysis and Python, with an interest in the cybersecurity industry. I am adaptable and practical, and I enjoy working in collaborative team environments. I value knowledge sharing and spend my free time exploring writing and machine learning. writing, machine learning, startups",cybersecurity analyst focused developing expertise cybersecurity skilled threat analysis python interest cybersecurity industry adaptable practical enjoy working collaborative team environment value knowledge sharing spend free time exploring writing machine learning writing machine learning startup
U083,Aisha Iyer,26,Ahmedabad,Digital Marketing Specialist,3,"Digital Marketing Specialist focused on building data-driven marketing strategies. Skilled in content strategy and SEO, with an interest in the media industry.","My personality is generally creative and empathetic. I prefer structured environments with clear goals and believe in personal growth. Outside work, I enjoy research, technology, and discovering new ideas.",INFP,"research, technology, public speaking",22,29,"Digital Marketing Specialist focused on building data-driven marketing strategies. Skilled in content strategy and SEO, with an interest in the media industry. My personality is generally creative and empathetic. I prefer structured environments with clear goals and believe in personal growth. Outside work, I enjoy research, technology, and discovering new ideas. research, technology, public speaking",digital marketing specialist focused building datadriven marketing strategy skilled content strategy seo interest medium industry personality generally creative empathetic prefer structured environment clear goal believe personal growth outside work enjoy research technology discovering new idea research technology public speaking
U084,Aditya Malhotra,27,Pune,Business Analyst,6,"Working as a Business Analyst with experience in communication and business analysis. My career goal is developing strategic analytical skills, particularly within FinTech.","My personality is generally independent and curious. I prefer independent work with room for experimentation and believe in helping others. Outside work, I enjoy design, music, and discovering new ideas.",INTP,"design, music, reading",23,30,"Working as a Business Analyst with experience in communication and business analysis. My career goal is developing strategic analytical skills, particularly within FinTech. My personality is generally independent and curious. I prefer independent work with room for experimentation and believe in helping others. Outside work, I enjoy design, music, and discovering new ideas. design, music, reading",working business analyst experience communication business analysis career goal developing strategic analytical skill particularly within fintech personality generally independent curious prefer independent work room experimentation believe helping others outside work enjoy design music discovering new idea design music reading
U085,Sneha Verma,23,Kolkata,Data Scientist,1,"Working as a Data Scientist with experience in Python and data analysis. My career goal is building intelligent analytical systems, particularly within retail analytics.","I am idealistic and empathetic, and I enjoy working in problem-solving environments involving different perspectives. I value personal growth and spend my free time exploring meditation and travel.",INFP,"meditation, travel, design",24,28,"Working as a Data Scientist with experience in Python and data analysis. My career goal is building intelligent analytical systems, particularly within retail analytics. I am idealistic and empathetic, and I enjoy working in problem-solving environments involving different perspectives. I value personal growth and spend my free time exploring meditation and travel. meditation, travel, design",working data scientist experience python data analysis career goal building intelligent analytical system particularly within retail analytics idealistic empathetic enjoy working problemsolving environment involving different perspective value personal growth spend free time exploring meditation travel meditation travel design
U086,Meera Iyer,35,Hyderabad,Digital Marketing Specialist,13,"Digital Marketing Specialist interested in building practical solutions in consumer technology. Experienced with content strategy and social media, and currently aiming toward growing digital brands.","I am social and supportive, and I enjoy working in independent work with room for experimentation. I value helping others and spend my free time exploring innovation and coding.",ESFJ,"innovation, coding, music",25,29,"Digital Marketing Specialist interested in building practical solutions in consumer technology. Experienced with content strategy and social media, and currently aiming toward growing digital brands. I am social and supportive, and I enjoy working in independent work with room for experimentation. I value helping others and spend my free time exploring innovation and coding. innovation, coding, music",digital marketing specialist interested building practical solution consumer technology experienced content strategy social medium currently aiming toward growing digital brand social supportive enjoy working independent work room experimentation value helping others spend free time exploring innovation coding innovation coding music
U087,Nikhil Malhotra,32,Delhi,Product Manager,9,"Product Manager interested in building practical solutions in E-commerce. Experienced with market research and communication, and currently aiming toward building user-focused digital products.","I enjoy learning, solving problems, and working in structured environments with clear goals. I value personal growth and have a strong interest in innovation and research. I also enjoy exchanging ideas with people from different backgrounds.",INTP,"innovation, research, public speaking",23,36,"Product Manager interested in building practical solutions in E-commerce. Experienced with market research and communication, and currently aiming toward building user-focused digital products. I enjoy learning, solving problems, and working in structured environments with clear goals. I value personal growth and have a strong interest in innovation and research. I also enjoy exchanging ideas with people from different backgrounds. innovation, research, public speaking",product manager interested building practical solution ecommerce experienced market research communication currently aiming toward building userfocused digital product enjoy learning solving problem working structured environment clear goal value personal growth strong interest innovation research also enjoy exchanging idea people different background innovation research public speaking
U088,Rohan Sharma,26,Ahmedabad,Cybersecurity Analyst,3,"Working as a Cybersecurity Analyst with experience in Python and threat analysis. My career goal is working on secure technology infrastructure, particularly within FinTech.","I enjoy learning, solving problems, and working in independent work with room for experimentation. I value meaningful work and have a strong interest in music and innovation. I also enjoy exchanging ideas with people from different backgrounds.",ENTP,"music, innovation, public speaking",24,37,"Working as a Cybersecurity Analyst with experience in Python and threat analysis. My career goal is working on secure technology infrastructure, particularly within FinTech. I enjoy learning, solving problems, and working in independent work with room for experimentation. I value meaningful work and have a strong interest in music and innovation. I also enjoy exchanging ideas with people from different backgrounds. music, innovation, public speaking",working cybersecurity analyst experience python threat analysis career goal working secure technology infrastructure particularly within fintech enjoy learning solving problem working independent work room experimentation value meaningful work strong interest music innovation also enjoy exchanging idea people different background music innovation public speaking
U089,Karthikeya Chowdhury,35,Bengaluru,Financial Analyst,10,"Financial Analyst interested in building practical solutions in FinTech. Experienced with data analysis and Excel, and currently aiming toward working with data-driven financial strategies.","I am decisive and leadership-oriented, and I enjoy working in problem-solving environments involving different perspectives. I value innovation and spend my free time exploring finance and technology.",ESTJ,"finance, technology, meditation",24,27,"Financial Analyst interested in building practical solutions in FinTech. Experienced with data analysis and Excel, and currently aiming toward working with data-driven financial strategies. I am decisive and leadership-oriented, and I enjoy working in problem-solving environments involving different perspectives. I value innovation and spend my free time exploring finance and technology. finance, technology, meditation",financial analyst interested building practical solution fintech experienced data analysis excel currently aiming toward working datadriven financial strategy decisive leadershiporiented enjoy working problemsolving environment involving different perspective value innovation spend free time exploring finance technology finance technology meditation
U090,Vikram Malhotra,25,Mumbai,Financial Analyst,3,"Financial Analyst focused on working with data-driven financial strategies. Skilled in forecasting and data analysis, with an interest in the FinTech industry.","My personality is generally analytical and strategic. I prefer creative environments where ideas can be discussed openly and believe in helping others. Outside work, I enjoy finance, meditation, and discovering new ideas.",INTJ,"finance, meditation, innovation",22,32,"Financial Analyst focused on working with data-driven financial strategies. Skilled in forecasting and data analysis, with an interest in the FinTech industry. My personality is generally analytical and strategic. I prefer creative environments where ideas can be discussed openly and believe in helping others. Outside work, I enjoy finance, meditation, and discovering new ideas. finance, meditation, innovation",financial analyst focused working datadriven financial strategy skilled forecasting data analysis interest fintech industry personality generally analytical strategic prefer creative environment idea discussed openly believe helping others outside work enjoy finance meditation discovering new idea finance meditation innovation
U091,Kavya Malhotra,34,Kochi,Data Scientist,2,"Working as a Data Scientist with experience in statistics and Python. My career goal is developing predictive models, particularly within FinTech.","I enjoy learning, solving problems, and working in problem-solving environments involving different perspectives. I value honest communication and have a strong interest in technology and public speaking. I also enjoy exchanging ideas with people from different backgrounds.",ESTJ,"technology, public speaking, sports",21,37,"Working as a Data Scientist with experience in statistics and Python. My career goal is developing predictive models, particularly within FinTech. I enjoy learning, solving problems, and working in problem-solving environments involving different perspectives. I value honest communication and have a strong interest in technology and public speaking. I also enjoy exchanging ideas with people from different backgrounds. technology, public speaking, sports",working data scientist experience statistic python career goal developing predictive model particularly within fintech enjoy learning solving problem working problemsolving environment involving different perspective value honest communication strong interest technology public speaking also enjoy exchanging idea people different background technology public speaking sport
U092,Karthikeya Patel,31,Mumbai,Business Analyst,8,"Business Analyst interested in building practical solutions in retail. Experienced with communication and SQL, and currently aiming toward developing strategic analytical skills.","I am supportive and organized, and I enjoy working in independent work with room for experimentation. I value honest communication and spend my free time exploring technology and music.",ISFJ,"technology, music, fitness",22,29,"Business Analyst interested in building practical solutions in retail. Experienced with communication and SQL, and currently aiming toward developing strategic analytical skills. I am supportive and organized, and I enjoy working in independent work with room for experimentation. I value honest communication and spend my free time exploring technology and music. technology, music, fitness",business analyst interested building practical solution retail experienced communication sql currently aiming toward developing strategic analytical skill supportive organized enjoy working independent work room experimentation value honest communication spend free time exploring technology music technology music fitness
U093,Anika Iyer,39,Hyderabad,Entrepreneur,0,"Entrepreneur interested in building practical solutions in EdTech. Experienced with leadership and market research, and currently aiming toward developing sustainable entrepreneurial ventures.","My personality is generally ambitious and strategic. I prefer problem-solving environments involving different perspectives and believe in reliability. Outside work, I enjoy machine learning, sports, and discovering new ideas.",ENTJ,"machine learning, sports, music",22,29,"Entrepreneur interested in building practical solutions in EdTech. Experienced with leadership and market research, and currently aiming toward developing sustainable entrepreneurial ventures. My personality is generally ambitious and strategic. I prefer problem-solving environments involving different perspectives and believe in reliability. Outside work, I enjoy machine learning, sports, and discovering new ideas. machine learning, sports, music",entrepreneur interested building practical solution edtech experienced leadership market research currently aiming toward developing sustainable entrepreneurial venture personality generally ambitious strategic prefer problemsolving environment involving different perspective believe reliability outside work enjoy machine learning sport discovering new idea machine learning sport music
U094,Varun Gupta,28,Kolkata,AI Engineer,7,"Working as a AI Engineer with experience in artificial intelligence and deep learning. My career goal is developing intelligent AI applications, particularly within healthcare technology.","I enjoy learning, solving problems, and working in structured environments with clear goals. I value knowledge sharing and have a strong interest in machine learning and entrepreneurship. I also enjoy exchanging ideas with people from different backgrounds.",ENTJ,"machine learning, entrepreneurship, public speaking",25,37,"Working as a AI Engineer with experience in artificial intelligence and deep learning. My career goal is developing intelligent AI applications, particularly within healthcare technology. I enjoy learning, solving problems, and working in structured environments with clear goals. I value knowledge sharing and have a strong interest in machine learning and entrepreneurship. I also enjoy exchanging ideas with people from different backgrounds. machine learning, entrepreneurship, public speaking",working ai engineer experience artificial intelligence deep learning career goal developing intelligent ai application particularly within healthcare technology enjoy learning solving problem working structured environment clear goal value knowledge sharing strong interest machine learning entrepreneurship also enjoy exchanging idea people different background machine learning entrepreneurship public speaking
U095,Diya Mehta,38,Bengaluru,Business Analyst,7,"Working as a Business Analyst with experience in business analysis and SQL. My career goal is connecting business requirements with technology, particularly within banking.","I am social and adaptable, and I enjoy working in creative environments where ideas can be discussed openly. I value innovation and spend my free time exploring reading and music.",ESTP,"reading, music, public speaking",24,30,"Working as a Business Analyst with experience in business analysis and SQL. My career goal is connecting business requirements with technology, particularly within banking. I am social and adaptable, and I enjoy working in creative environments where ideas can be discussed openly. I value innovation and spend my free time exploring reading and music. reading, music, public speaking",working business analyst experience business analysis sql career goal connecting business requirement technology particularly within banking social adaptable enjoy working creative environment idea discussed openly value innovation spend free time exploring reading music reading music public speaking
U096,Ananya Chowdhury,39,Delhi,Machine Learning Engineer,5,"Working as a Machine Learning Engineer with experience in Scikit-learn and machine learning. My career goal is building production-ready machine learning systems, particularly within AI.","I am adaptable and enthusiastic, and I enjoy working in independent work with room for experimentation. I value knowledge sharing and spend my free time exploring volunteering and public speaking.",ESFP,"volunteering, public speaking, writing",25,30,"Working as a Machine Learning Engineer with experience in Scikit-learn and machine learning. My career goal is building production-ready machine learning systems, particularly within AI. I am adaptable and enthusiastic, and I enjoy working in independent work with room for experimentation. I value knowledge sharing and spend my free time exploring volunteering and public speaking. volunteering, public speaking, writing",working machine learning engineer experience scikitlearn machine learning career goal building productionready machine learning system particularly within ai adaptable enthusiastic enjoy working independent work room experimentation value knowledge sharing spend free time exploring volunteering public speaking volunteering public speaking writing
U097,Aditya Verma,36,Kochi,Project Manager,15,"Working as a Project Manager with experience in planning and project management. My career goal is developing strategic leadership capabilities, particularly within consulting.","I am empathetic and reliable, and I enjoy working in collaborative team environments. I value personal growth and spend my free time exploring meditation and artificial intelligence.",ISFJ,"meditation, artificial intelligence, reading",23,27,"Working as a Project Manager with experience in planning and project management. My career goal is developing strategic leadership capabilities, particularly within consulting. I am empathetic and reliable, and I enjoy working in collaborative team environments. I value personal growth and spend my free time exploring meditation and artificial intelligence. meditation, artificial intelligence, reading",working project manager experience planning project management career goal developing strategic leadership capability particularly within consulting empathetic reliable enjoy working collaborative team environment value personal growth spend free time exploring meditation artificial intelligence meditation artificial intelligence reading
U098,Vikram Iyer,38,Pune,Data Scientist,12,"Working as a Data Scientist with experience in machine learning and Python. My career goal is solving real-world problems using data, particularly within AI.","My personality is generally adaptable and energetic. I prefer independent work with room for experimentation and believe in personal growth. Outside work, I enjoy meditation, music, and discovering new ideas.",ESTP,"meditation, music, reading",24,30,"Working as a Data Scientist with experience in machine learning and Python. My career goal is solving real-world problems using data, particularly within AI. My personality is generally adaptable and energetic. I prefer independent work with room for experimentation and believe in personal growth. Outside work, I enjoy meditation, music, and discovering new ideas. meditation, music, reading",working data scientist experience machine learning python career goal solving realworld problem using data particularly within ai personality generally adaptable energetic prefer independent work room experimentation believe personal growth outside work enjoy meditation music discovering new idea meditation music reading
U099,Aditya Sharma,22,Chennai,Digital Marketing Specialist,1,"Working as a Digital Marketing Specialist with experience in SEO and social media. My career goal is building data-driven marketing strategies, particularly within SaaS.","My personality is generally creative and adaptable. I prefer structured environments with clear goals and believe in helping others. Outside work, I enjoy volunteering, public speaking, and discovering new ideas.",ESFP,"volunteering, public speaking, research",24,30,"Working as a Digital Marketing Specialist with experience in SEO and social media. My career goal is building data-driven marketing strategies, particularly within SaaS. My personality is generally creative and adaptable. I prefer structured environments with clear goals and believe in helping others. Outside work, I enjoy volunteering, public speaking, and discovering new ideas. volunteering, public speaking, research",working digital marketing specialist experience seo social medium career goal building datadriven marketing strategy particularly within saas personality generally creative adaptable prefer structured environment clear goal believe helping others outside work enjoy volunteering public speaking discovering new idea volunteering public speaking research
U100,Neha Verma,36,Hyderabad,Business Analyst,10,"Business Analyst interested in building practical solutions in FinTech. Experienced with SQL and communication, and currently aiming toward improving organizational decision-making.","I am curious and energetic, and I enjoy working in collaborative team environments. I value helping others and spend my free time exploring coding and sports.",ENTP,"coding, sports, travel",21,26,"Business Analyst interested in building practical solutions in FinTech. Experienced with SQL and communication, and currently aiming toward improving organizational decision-making. I am curious and energetic, and I enjoy working in collaborative team environments. I value helping others and spend my free time exploring coding and sports. coding, sports, travel",business analyst interested building practical solution fintech experienced sql communication currently aiming toward improving organizational decisionmaking curious energetic enjoy working collaborative team environment value helping others spend free time exploring coding sport coding sport travel
